-- =====================================================================
-- BUSINESS OBJECT / DATA PRODUCT: Renters Insurance Policy (v1)
-- REGION: europe-west1
-- STANDARDS: ACORD / Insurance & Financial Services Reference Model
-- =====================================================================

-- 1. DATASET CREATION
-- We establish the schema acting as our self-contained Data Product container.
CREATE SCHEMA IF NOT EXISTS `renters_insurance_v1`
OPTIONS (
  location = "europe-west1",
  description = "Domain-driven data product representing Renters Insurance policies, covering customer demographic profiles, rented physical properties, and active contractual insurance terms."
);

-- 2. DDL: CUSTOMERS DIMENSION (INSURED PARTY)
CREATE OR REPLACE TABLE `renters_insurance_v1.customers` (
  customer_id STRING OPTIONS(description="Globally unique identifier for the customer (renter)"),
  first_name STRING OPTIONS(description="First name of the primary insured individual"),
  last_name STRING OPTIONS(description="Last name of the primary insured individual"),
  email STRING OPTIONS(description="Primary communication and billing email address"),
  phone STRING OPTIONS(description="Contact phone number in international format"),
  date_of_birth DATE OPTIONS(description="Date of birth of the primary insured used for age-rating risk assessment"),
  created_at TIMESTAMP OPTIONS(description="UTC timestamp when the customer's customer-relationship-management profile was established"),
  PRIMARY KEY (customer_id) NOT ENFORCED
)
OPTIONS (
  description = "Dimension table maintaining demographics and personal identifier profiles of primary insured policyholders."
);

-- 3. DDL: PROPERTIES DIMENSION (PHYSICAL RISK LOCATIONS)
CREATE OR REPLACE TABLE `renters_insurance_v1.properties` (
  property_id STRING OPTIONS(description="Globally unique identifier for the rented physical location"),
  address_line1 STRING OPTIONS(description="Street and building number details of the physical property"),
  city STRING OPTIONS(description="City where the rented dwelling is located"),
  state_province STRING OPTIONS(description="Standard state or provincial abbreviation (e.g., CA, TX)"),
  postal_code STRING OPTIONS(description="Postal/ZIP code of the physical property"),
  country STRING OPTIONS(description="Two-letter ISO 3166-1 country code"),
  property_type STRING OPTIONS(description="Architectural structure type: Apartment, Condo, Townhouse, Single-Family"),
  construction_year INT64 OPTIONS(description="The year the residential structure was built"),
  has_fire_alarm BOOL OPTIONS(description="Premium-credit flag indicating active central-station fire alarm systems"),
  has_security_system BOOL OPTIONS(description="Premium-credit flag indicating active intruder or burglar alarm systems"),
  has_sprinklers BOOL OPTIONS(description="Premium-credit flag indicating active indoor fire suppression sprinklers"),
  PRIMARY KEY (property_id) NOT ENFORCED
)
OPTIONS (
  description = "Dimension table containing architectural characteristics, locations, and security features of physical rented properties."
);

-- 4. DDL: POLICIES FACT (INSURANCE CONTRACT)
CREATE OR REPLACE TABLE `renters_insurance_v1.policies` (
  policy_id STRING OPTIONS(description="Globally unique identifier for the renters policy contract"),
  policy_number STRING OPTIONS(description="Human-readable business key identifier for the contract file"),
  customer_id STRING OPTIONS(description="Foreign key linking the contract back to the primary insured customer"),
  property_id STRING OPTIONS(description="Foreign key linking the contract to the physical risk location"),
  effective_date DATE OPTIONS(description="The calendar date on which contract coverage begins"),
  expiration_date DATE OPTIONS(description="The calendar date on which contract coverage expires"),
  policy_status STRING OPTIONS(description="Active operational state of the policy: ACTIVE, CANCELLED, LAPSED, EXPIRED"),
  personal_property_limit NUMERIC OPTIONS(description="Coverage limit for tenant's personal property/belongings inside the residence (USD)"),
  personal_liability_limit NUMERIC OPTIONS(description="Coverage limit for legal liability claims against the renter (USD)"),
  loss_of_use_limit NUMERIC OPTIONS(description="Coverage limit for additional living expenses if the unit is uninhabitable (USD)"),
  deductible NUMERIC OPTIONS(description="The standard out-of-pocket amount paid by the insured before policy coverage takes effect (USD)"),
  annual_premium NUMERIC OPTIONS(description="Calculated gross annual premium of the coverage package (USD)"),
  created_at TIMESTAMP OPTIONS(description="UTC timestamp when this policy contract record was legally bound"),
  PRIMARY KEY (policy_id) NOT ENFORCED,
  CONSTRAINT fk_customer FOREIGN KEY (customer_id) REFERENCES `renters_insurance_v1.customers`(customer_id) NOT ENFORCED,
  CONSTRAINT fk_property FOREIGN KEY (property_id) REFERENCES `renters_insurance_v1.properties`(property_id) NOT ENFORCED
)
OPTIONS (
  description = "Central transactional fact table recording legally bound Renters Insurance contracts, coverage bounds, and premium values."
);


-- =====================================================================
-- 5. SAMPLE DATA GENERATION (100 Rows per Table)
-- =====================================================================

-- Insert 100 Customer Records
INSERT INTO `renters_insurance_v1.customers` (customer_id, first_name, last_name, email, phone, date_of_birth, created_at) VALUES
('CUST-001', 'James', 'Smith', 'james.smith@email.com', '+1-555-0100', '1985-04-12', '2023-01-15 08:30:00 UTC'),
('CUST-002', 'Mary', 'Johnson', 'mary.johnson@email.com', '+1-555-0101', '1990-09-23', '2023-01-20 10:15:00 UTC'),
('CUST-003', 'John', 'Williams', 'john.williams@email.com', '+1-555-0102', '1978-11-05', '2023-02-02 14:45:00 UTC'),
('CUST-004', 'Patricia', 'Brown', 'patricia.brown@email.com', '+1-555-0103', '1995-02-18', '2023-02-11 11:00:00 UTC'),
('CUST-005', 'Robert', 'Jones', 'robert.jones@email.com', '+1-555-0104', '1982-07-30', '2023-03-01 09:20:00 UTC'),
('CUST-006', 'Jennifer', 'Garcia', 'jennifer.garcia@email.com', '+1-555-0105', '1988-12-14', '2023-03-15 16:10:00 UTC'),
('CUST-007', 'Michael', 'Miller', 'michael.miller@email.com', '+1-555-0106', '1992-05-25', '2023-04-05 13:05:00 UTC'),
('CUST-008', 'Elizabeth', 'Davis', 'elizabeth.davis@email.com', '+1-555-0107', '1974-03-08', '2023-04-10 10:30:00 UTC'),
('CUST-009', 'William', 'Rodriguez', 'william.rodriguez@email.com', '+1-555-0108', '1998-10-02', '2023-04-20 15:25:00 UTC'),
('CUST-010', 'Barbara', 'Martinez', 'barbara.martinez@email.com', '+1-555-0109', '1981-06-19', '2023-05-01 11:40:00 UTC'),
('CUST-011', 'David', 'Hernandez', 'david.hernandez@email.com', '+1-555-0110', '1989-08-21', '2023-05-15 09:15:00 UTC'),
('CUST-012', 'Susan', 'Lopez', 'susan.lopez@email.com', '+1-555-0111', '1993-01-11', '2023-05-28 14:50:00 UTC'),
('CUST-013', 'Richard', 'Gonzalez', 'richard.gonzalez@email.com', '+1-555-0112', '1976-10-31', '2023-06-02 12:10:00 UTC'),
('CUST-014', 'Jessica', 'Wilson', 'jessica.wilson@email.com', '+1-555-0113', '1991-04-04', '2023-06-12 10:05:00 UTC'),
('CUST-015', 'Joseph', 'Anderson', 'joseph.anderson@email.com', '+1-555-0114', '1984-07-15', '2023-06-25 15:35:00 UTC'),
('CUST-016', 'Sarah', 'Thomas', 'sarah.thomas@email.com', '+1-555-0115', '1996-12-09', '2023-07-01 11:20:00 UTC'),
('CUST-017', 'Thomas', 'Taylor', 'thomas.taylor@email.com', '+1-555-0116', '1980-03-27', '2023-07-10 13:45:00 UTC'),
('CUST-018', 'Karen', 'Moore', 'karen.moore@email.com', '+1-555-0117', '1987-05-19', '2023-07-22 09:30:00 UTC'),
('CUST-019', 'Charles', 'Jackson', 'charles.jackson@email.com', '+1-555-0118', '1973-11-22', '2023-08-01 14:15:00 UTC'),
('CUST-020', 'Lisa', 'Martin', 'lisa.martin@email.com', '+1-555-0119', '1994-02-05', '2023-08-10 10:50:00 UTC'),
('CUST-021', 'Christopher', 'Lee', 'christopher.lee@email.com', '+1-555-0120', '1991-08-18', '2023-08-20 11:15:00 UTC'),
('CUST-022', 'Nancy', 'Perez', 'nancy.perez@email.com', '+1-555-0121', '1983-06-30', '2023-09-01 09:40:00 UTC'),
('CUST-023', 'Daniel', 'Thompson', 'daniel.thompson@email.com', '+1-555-0122', '1988-10-12', '2023-09-12 15:30:00 UTC'),
('CUST-024', 'Betty', 'White', 'betty.white@email.com', '+1-555-0123', '1975-01-25', '2023-09-22 13:10:00 UTC'),
('CUST-025', 'Matthew', 'Harris', 'matthew.harris@email.com', '+1-555-0124', '1995-07-07', '2023-10-01 10:05:00 UTC'),
('CUST-026', 'Margaret', 'Sanchez', 'margaret.sanchez@email.com', '+1-555-0125', '1982-12-03', '2023-10-10 14:20:00 UTC'),
('CUST-027', 'Anthony', 'Clark', 'anthony.clark@email.com', '+1-555-0126', '1989-05-16', '2023-10-20 09:55:00 UTC'),
('CUST-028', 'Sandra', 'Ramirez', 'sandra.ramirez@email.com', '+1-555-0127', '1990-03-14', '2023-11-01 11:45:00 UTC'),
('CUST-029', 'Mark', 'Lewis', 'mark.lewis@email.com', '+1-555-0128', '1979-09-08', '2023-11-12 16:00:00 UTC'),
('CUST-030', 'Ashley', 'Robinson', 'ashley.robinson@email.com', '+1-555-0129', '1997-02-28', '2023-11-20 13:25:00 UTC'),
('CUST-031', 'Donald', 'Walker', 'donald.walker@email.com', '+1-555-0130', '1971-08-14', '2023-12-01 10:10:00 UTC'),
('CUST-032', 'Dorothy', 'Young', 'dorothy.young@email.com', '+1-555-0131', '1986-04-19', '2023-12-10 15:50:00 UTC'),
('CUST-033', 'Steven', 'Allen', 'steven.allen@email.com', '+1-555-0132', '1992-11-24', '2023-12-18 09:35:00 UTC'),
('CUST-034', 'Kimberly', 'King', 'kimberly.king@email.com', '+1-555-0133', '1984-06-02', '2023-12-28 11:20:00 UTC'),
('CUST-035', 'Paul', 'Wright', 'paul.wright@email.com', '+1-555-0134', '1977-01-15', '2024-01-05 14:40:00 UTC'),
('CUST-036', 'Emily', 'Scott', 'emily.scott@email.com', '+1-555-0135', '1998-05-11', '2024-01-15 10:15:00 UTC'),
('CUST-037', 'Andrew', 'Torres', 'andrew.torres@email.com', '+1-555-0136', '1985-10-30', '2024-01-22 13:55:00 UTC'),
('CUST-038', 'Donna', 'Nguyen', 'donna.nguyen@email.com', '+1-555-0137', '1991-03-22', '2024-02-01 09:45:00 UTC'),
('CUST-039', 'Joshua', 'Hill', 'joshua.hill@email.com', '+1-555-0138', '1993-07-14', '2024-02-10 11:10:00 UTC'),
('CUST-040', 'Michelle', 'Flores', 'michelle.flores@email.com', '+1-555-0139', '1980-12-05', '2024-02-20 15:30:00 UTC'),
('CUST-041', 'Kenneth', 'Green', 'kenneth.green@email.com', '+1-555-0140', '1983-09-17', '2024-03-01 10:20:00 UTC'),
('CUST-042', 'Carol', 'Adams', 'carol.adams@email.com', '+1-555-0141', '1976-04-26', '2024-03-12 14:05:00 UTC'),
('CUST-043', 'Kevin', 'Nelson', 'kevin.nelson@email.com', '+1-555-0142', '1987-11-09', '2024-03-22 11:50:00 UTC'),
('CUST-044', 'Amanda', 'Baker', 'amanda.baker@email.com', '+1-555-0143', '1994-08-03', '2024-04-01 16:15:00 UTC'),
('CUST-045', 'Brian', 'Hall', 'brian.hall@email.com', '+1-555-0144', '1990-02-25', '2024-04-10 09:25:00 UTC'),
('CUST-046', 'Melissa', 'Rivera', 'melissa.rivera@email.com', '+1-555-0145', '1988-06-12', '2024-04-20 13:40:00 UTC'),
('CUST-047', 'Edward', 'Campbell', 'edward.campbell@email.com', '+1-555-0146', '1975-10-04', '2024-05-01 11:10:00 UTC'),
('CUST-048', 'Deborah', 'Mitchell', 'deborah.mitchell@email.com', '+1-555-0147', '1982-12-28', '2024-05-10 15:20:00 UTC'),
('CUST-049', 'Ronald', 'Carter', 'ronald.carter@email.com', '+1-555-0148', '1996-03-17', '2024-05-20 09:55:00 UTC'),
('CUST-050', 'Stephanie', 'Roberts', 'stephanie.roberts@email.com', '+1-555-0149', '1989-07-01', '2024-06-01 14:30:00 UTC'),
('CUST-051', 'Timothy', 'Gomez', 'timothy.gomez@email.com', '+1-555-0150', '1981-11-14', '2024-06-10 11:15:00 UTC'),
('CUST-052', 'Rebecca', 'Phillips', 'rebecca.phillips@email.com', '+1-555-0151', '1995-05-29', '2024-06-20 16:05:00 UTC'),
('CUST-053', 'Jason', 'Evans', 'jason.evans@email.com', '+1-555-0152', '1986-02-09', '2024-07-01 10:40:00 UTC'),
('CUST-054', 'Laura', 'Turner', 'laura.turner@email.com', '+1-555-0153', '1992-10-18', '2024-07-12 13:50:00 UTC'),
('CUST-055', 'Jeffrey', 'Diaz', 'jeffrey.diaz@email.com', '+1-555-0154', '1979-08-06', '2024-07-22 09:20:00 UTC'),
('CUST-056', 'Cynthia', 'Parker', 'cynthia.parker@email.com', '+1-555-0155', '1984-12-15', '2024-08-01 15:10:00 UTC'),
('CUST-057', 'Ryan', 'Cruz', 'ryan.cruz@email.com', '+1-555-0156', '1997-04-03', '2024-08-10 11:35:00 UTC'),
('CUST-058', 'Kathleen', 'Edwards', 'kathleen.edwards@email.com', '+1-555-0157', '1973-06-21', '2024-08-20 14:25:00 UTC'),
('CUST-059', 'Gary', 'Collins', 'gary.collins@email.com', '+1-555-0158', '1988-01-29', '2024-09-01 10:05:00 UTC'),
('CUST-060', 'Amy', 'Reyes', 'amy.reyes@email.com', '+1-555-0159', '1993-09-07', '2024-09-12 15:45:00 UTC'),
('CUST-061', 'Nicholas', 'Stewart', 'nicholas.stewart@email.com', '+1-555-0160', '1990-03-31', '2024-09-22 13:15:00 UTC'),
('CUST-062', 'Shirley', 'Morris', 'shirley.morris@email.com', '+1-555-0161', '1982-11-11', '2024-10-01 09:50:00 UTC'),
('CUST-063', 'Eric', 'Morales', 'eric.morales@email.com', '+1-555-0162', '1985-07-24', '2024-10-10 14:10:00 UTC'),
('CUST-064', 'Angela', 'Murphy', 'angela.murphy@email.com', '+1-555-0163', '1996-05-18', '2024-10-20 11:05:00 UTC'),
('CUST-065', 'Stephen', 'Cook', 'stephen.cook@email.com', '+1-555-0164', '1978-10-02', '2024-11-01 15:30:00 UTC'),
('CUST-066', 'Helen', 'Rogers', 'helen.rogers@email.com', '+1-555-0165', '1980-02-15', '2024-11-12 09:10:00 UTC'),
('CUST-067', 'Jonathan', 'Gutierrez', 'jonathan.gutierrez@email.com', '+1-555-0166', '1994-11-08', '2024-11-20 13:40:00 UTC'),
('CUST-068', 'Anna', 'Ortiz', 'anna.ortiz@email.com', '+1-555-0167', '1987-08-25', '2024-12-01 11:25:00 UTC'),
('CUST-069', 'Larry', 'Morgan', 'larry.morgan@email.com', '+1-555-0168', '1974-12-04', '2024-12-10 16:00:00 UTC'),
('CUST-070', 'Brenda', 'Cooper', 'brenda.cooper@email.com', '+1-555-0169', '1991-04-16', '2024-12-20 10:20:00 UTC'),
('CUST-071', 'Justin', 'Peterson', 'justin.peterson@email.com', '+1-555-0170', '1989-10-09', '2025-01-05 14:15:00 UTC'),
('CUST-072', 'Pamela', 'Bailey', 'pamela.bailey@email.com', '+1-555-0171', '1983-05-02', '2025-01-15 11:00:00 UTC'),
('CUST-073', 'Scott', 'Reed', 'scott.reed@email.com', '+1-555-0172', '1995-12-14', '2025-01-22 09:45:00 UTC'),
('CUST-074', 'Nicole', 'Kelly', 'nicole.kelly@email.com', '+1-555-0173', '1992-07-28', '2025-02-01 15:35:00 UTC'),
('CUST-075', 'Brandon', 'Howard', 'brandon.howard@email.com', '+1-555-0174', '1986-03-24', '2025-02-10 13:10:00 UTC'),
('CUST-076', 'Samantha', 'Ramos', 'samantha.ramos@email.com', '+1-555-0175', '1998-09-03', '2025-02-20 10:30:00 UTC'),
('CUST-077', 'Benjamin', 'Kim', 'benjamin.kim@email.com', '+1-555-0176', '1990-11-18', '2025-03-01 14:50:00 UTC'),
('CUST-078', 'Katherine', 'Cox', 'katherine.cox@email.com', '+1-555-0177', '1981-06-30', '2025-03-12 09:15:00 UTC'),
('CUST-079', 'Gregory', 'Ward', 'gregory.ward@email.com', '+1-555-0178', '1976-02-12', '2025-03-22 11:40:00 UTC'),
('CUST-080', 'Christine', 'Richardson', 'christine.richardson@email.com', '+1-555-0179', '1985-08-07', '2025-04-01 16:05:00 UTC'),
('CUST-081', 'Samuel', 'Watson', 'samuel.watson@email.com', '+1-555-0180', '1993-10-25', '2025-04-10 10:10:00 UTC'),
('CUST-082', 'Debra', 'Brooks', 'debra.brooks@email.com', '+1-555-0181', '1979-12-19', '2025-04-20 15:20:00 UTC'),
('CUST-083', 'Benjamin', 'Chavez', 'benjamin.chavez@email.com', '+1-555-0182', '1988-04-08', '2025-05-01 11:55:00 UTC'),
('CUST-084', 'Rachel', 'Wood', 'rachel.wood@email.com', '+1-555-0183', '1994-01-14', '2025-05-10 14:30:00 UTC'),
('CUST-085', 'Alexander', 'James', 'alexander.james@email.com', '+1-555-0184', '1987-07-29', '2025-05-20 09:25:00 UTC'),
('CUST-086', 'Janet', 'Bennett', 'janet.bennett@email.com', '+1-555-0185', '1975-09-05', '2025-06-01 13:40:00 UTC'),
('CUST-087', 'Patrick', 'Gray', 'patrick.gray@email.com', '+1-555-0186', '1991-03-16', '2025-06-10 10:50:00 UTC'),
('CUST-088', 'Maria', 'Mendoza', 'maria.mendoza@email.com', '+1-555-0187', '1982-11-20', '2025-06-20 15:15:00 UTC'),
('CUST-089', 'Jack', 'Ruiz', 'jack.ruiz@email.com', '+1-555-0188', '1996-05-02', '2025-07-01 11:10:00 UTC'),
('CUST-090', 'Heather', 'Hughes', 'heather.hughes@email.com', '+1-555-0189', '1989-08-24', '2025-07-12 14:05:00 UTC'),
('CUST-091', 'Dennis', 'Price', 'dennis.price@email.com', '+1-555-0190', '1977-12-11', '2025-07-22 09:55:00 UTC'),
('CUST-092', 'Diane', 'Alvarez', 'diane.alvarez@email.com', '+1-555-0191', '1990-06-08', '2025-08-01 15:30:00 UTC'),
('CUST-093', 'Jerry', 'Castillo', 'jerry.castillo@email.com', '+1-555-0192', '1983-02-17', '2025-08-10 11:20:00 UTC'),
('CUST-094', 'Julie', 'Sanders', 'julie.sanders@email.com', '+1-555-0193', '1995-10-15', '2025-08-20 13:45:00 UTC'),
('CUST-095', 'Tyler', 'Patel', 'tyler.patel@email.com', '+1-555-0194', '1992-04-21', '2025-09-01 10:15:00 UTC'),
('CUST-096', 'Joyce', 'Myers', 'joyce.myers@email.com', '+1-555-0195', '1981-07-31', '2025-09-12 14:50:00 UTC'),
('CUST-097', 'Aaron', 'Long', 'aaron.long@email.com', '+1-555-0196', '1986-09-12', '2025-09-22 09:30:00 UTC'),
('CUST-098', 'Victoria', 'Ross', 'victoria.ross@email.com', '+1-555-0197', '1997-12-05', '2025-10-01 11:10:00 UTC'),
('CUST-099', 'Henry', 'Foster', 'henry.foster@email.com', '+1-555-0198', '1978-01-22', '2025-10-10 15:40:00 UTC'),
('CUST-100', 'Cheryl', 'Jimenez', 'cheryl.jimenez@email.com', '+1-555-0199', '1984-05-14', '2025-10-20 13:05:00 UTC');


-- Insert 100 Rented Property Records
INSERT INTO `renters_insurance_v1.properties` (property_id, address_line1, city, state_province, postal_code, country, property_type, construction_year, has_fire_alarm, has_security_system, has_sprinklers) VALUES
('PROP-001', 'Apt 4B, 123 Maple St', 'Chicago', 'IL', '60611', 'US', 'Apartment', 1980, TRUE, FALSE, TRUE),
('PROP-002', 'Condo 14, 456 Oak Ave', 'Houston', 'TX', '77002', 'US', 'Condo', 2015, TRUE, TRUE, TRUE),
('PROP-003', '789 Pine Rd', 'Phoenix', 'AZ', '85001', 'US', 'Single-Family', 1995, TRUE, FALSE, FALSE),
('PROP-004', 'Unit A, 101 Cedar Ln', 'Seattle', 'WA', '98101', 'US', 'Townhouse', 2008, TRUE, TRUE, FALSE),
('PROP-005', 'Apt 302, 202 Birch Blvd', 'Atlanta', 'GA', '30303', 'US', 'Apartment', 1990, TRUE, FALSE, TRUE),
('PROP-006', 'Condo 5C, 303 Redwood Dr', 'Denver', 'CO', '80202', 'US', 'Condo', 2018, TRUE, TRUE, TRUE),
('PROP-007', '404 Elm Ct', 'Austin', 'TX', '78701', 'US', 'Single-Family', 2005, TRUE, FALSE, FALSE),
('PROP-008', 'Unit B, 505 Willow Way', 'Miami', 'FL', '33101', 'US', 'Townhouse', 2012, TRUE, TRUE, TRUE),
('PROP-009', 'Apt 1A, 606 Spruce Ter', 'Boston', 'MA', '02108', 'US', 'Apartment', 1920, TRUE, FALSE, FALSE),
('PROP-010', 'Condo 9, 707 Larch Pl', 'Portland', 'OR', '97201', 'US', 'Condo', 2020, TRUE, TRUE, TRUE),
('PROP-011', '808 Alder Dr', 'Dallas', 'TX', '75201', 'US', 'Single-Family', 1988, TRUE, FALSE, FALSE),
('PROP-012', 'Apt 15, 909 Cypress Cir', 'San Diego', 'CA', '92101', 'US', 'Apartment', 1975, TRUE, FALSE, TRUE),
('PROP-013', 'Apt 3D, 111 Poplar Blvd', 'Philadelphia', 'PA', '19103', 'US', 'Apartment', 1960, TRUE, FALSE, FALSE),
('PROP-014', 'Condo 102, 222 Walnut St', 'San Francisco', 'CA', '94102', 'US', 'Condo', 2000, TRUE, TRUE, TRUE),
('PROP-015', '333 Ash Dr', 'Nashville', 'TN', '37203', 'US', 'Single-Family', 2010, TRUE, FALSE, FALSE),
('PROP-016', 'Unit 4, 444 Chestnut St', 'Columbus', 'OH', '43215', 'US', 'Townhouse', 2016, TRUE, TRUE, TRUE),
('PROP-017', 'Apt 212, 555 Magnolia Ln', 'Charlotte', 'NC', '28202', 'US', 'Apartment', 2002, TRUE, FALSE, TRUE),
('PROP-018', 'Condo 20A, 666 Hickory Ct', 'Indianapolis', 'IN', '46204', 'US', 'Condo', 2014, TRUE, TRUE, TRUE),
('PROP-019', '777 Sycamore Rd', 'Las Vegas', 'NV', '89101', 'US', 'Single-Family', 1999, TRUE, TRUE, FALSE),
('PROP-020', 'Unit D, 888 Beech Ave', 'Baltimore', 'MD', '21201', 'US', 'Townhouse', 2007, TRUE, FALSE, TRUE),
('PROP-021', 'Apt 10B, 123 Maple St', 'Chicago', 'IL', '60611', 'US', 'Apartment', 1980, TRUE, FALSE, TRUE),
('PROP-022', 'Condo 25, 456 Oak Ave', 'Houston', 'TX', '77002', 'US', 'Condo', 2015, TRUE, TRUE, TRUE),
('PROP-023', '901 Pine Rd', 'Phoenix', 'AZ', '85001', 'US', 'Single-Family', 2001, TRUE, FALSE, FALSE),
('PROP-024', 'Unit C, 101 Cedar Ln', 'Seattle', 'WA', '98101', 'US', 'Townhouse', 2008, TRUE, TRUE, FALSE),
('PROP-025', 'Apt 501, 202 Birch Blvd', 'Atlanta', 'GA', '30303', 'US', 'Apartment', 1990, TRUE, FALSE, TRUE),
('PROP-026', 'Condo 8F, 303 Redwood Dr', 'Denver', 'CO', '80202', 'US', 'Condo', 2018, TRUE, TRUE, TRUE),
('PROP-027', '512 Elm Ct', 'Austin', 'TX', '78701', 'US', 'Single-Family', 2011, TRUE, TRUE, TRUE),
('PROP-028', 'Unit F, 505 Willow Way', 'Miami', 'FL', '33101', 'US', 'Townhouse', 2012, TRUE, TRUE, TRUE),
('PROP-029', 'Apt 4F, 606 Spruce Ter', 'Boston', 'MA', '02108', 'US', 'Apartment', 1920, TRUE, FALSE, FALSE),
('PROP-030', 'Condo 12, 707 Larch Pl', 'Portland', 'OR', '97201', 'US', 'Condo', 2020, TRUE, TRUE, TRUE),
('PROP-031', '1012 Alder Dr', 'Dallas', 'TX', '75201', 'US', 'Single-Family', 1992, TRUE, FALSE, FALSE),
('PROP-032', 'Apt 42, 909 Cypress Cir', 'San Diego', 'CA', '92101', 'US', 'Apartment', 1975, TRUE, FALSE, TRUE),
('PROP-033', 'Apt 12E, 111 Poplar Blvd', 'Philadelphia', 'PA', '19103', 'US', 'Apartment', 1960, TRUE, FALSE, FALSE),
('PROP-034', 'Condo 305, 222 Walnut St', 'San Francisco', 'CA', '94102', 'US', 'Condo', 2000, TRUE, TRUE, TRUE),
('PROP-035', '615 Ash Dr', 'Nashville', 'TN', '37203', 'US', 'Single-Family', 2013, TRUE, FALSE, FALSE),
('PROP-036', 'Unit 12, 444 Chestnut St', 'Columbus', 'OH', '43215', 'US', 'Townhouse', 2016, TRUE, TRUE, TRUE),
('PROP-037', 'Apt 401, 555 Magnolia Ln', 'Charlotte', 'NC', '28202', 'US', 'Apartment', 2002, TRUE, FALSE, TRUE),
('PROP-038', 'Condo 32B, 666 Hickory Ct', 'Indianapolis', 'IN', '46204', 'US', 'Condo', 2014, TRUE, TRUE, TRUE),
('PROP-039', '1120 Sycamore Rd', 'Las Vegas', 'NV', '89101', 'US', 'Single-Family', 2005, TRUE, TRUE, FALSE),
('PROP-040', 'Unit H, 888 Beech Ave', 'Baltimore', 'MD', '21201', 'US', 'Townhouse', 2007, TRUE, FALSE, TRUE),
('PROP-041', 'Apt 12C, 123 Maple St', 'Chicago', 'IL', '60611', 'US', 'Apartment', 1980, TRUE, FALSE, TRUE),
('PROP-042', 'Condo 42, 456 Oak Ave', 'Houston', 'TX', '77002', 'US', 'Condo', 2015, TRUE, TRUE, TRUE),
('PROP-043', '1015 Pine Rd', 'Phoenix', 'AZ', '85001', 'US', 'Single-Family', 2003, TRUE, FALSE, FALSE),
('PROP-044', 'Unit E, 101 Cedar Ln', 'Seattle', 'WA', '98101', 'US', 'Townhouse', 2008, TRUE, TRUE, FALSE),
('PROP-045', 'Apt 804, 202 Birch Blvd', 'Atlanta', 'GA', '30303', 'US', 'Apartment', 1990, TRUE, FALSE, TRUE),
('PROP-046', 'Condo 12D, 303 Redwood Dr', 'Denver', 'CO', '80202', 'US', 'Condo', 2018, TRUE, TRUE, TRUE),
('PROP-047', '818 Elm Ct', 'Austin', 'TX', '78701', 'US', 'Single-Family', 2015, TRUE, TRUE, TRUE),
('PROP-048', 'Unit J, 505 Willow Way', 'Miami', 'FL', '33101', 'US', 'Townhouse', 2012, TRUE, TRUE, TRUE),
('PROP-049', 'Apt 9G, 606 Spruce Ter', 'Boston', 'MA', '02108', 'US', 'Apartment', 1920, TRUE, FALSE, FALSE),
('PROP-050', 'Condo 18, 707 Larch Pl', 'Portland', 'OR', '97201', 'US', 'Condo', 2020, TRUE, TRUE, TRUE),
('PROP-051', '1414 Alder Dr', 'Dallas', 'TX', '75201', 'US', 'Single-Family', 1998, TRUE, FALSE, FALSE),
('PROP-052', 'Apt 88, 909 Cypress Cir', 'San Diego', 'CA', '92101', 'US', 'Apartment', 1975, TRUE, FALSE, TRUE),
('PROP-053', 'Apt 22B, 111 Poplar Blvd', 'Philadelphia', 'PA', '19103', 'US', 'Apartment', 1960, TRUE, FALSE, FALSE),
('PROP-054', 'Condo 502, 222 Walnut St', 'San Francisco', 'CA', '94102', 'US', 'Condo', 2000, TRUE, TRUE, TRUE),
('PROP-055', '920 Ash Dr', 'Nashville', 'TN', '37203', 'US', 'Single-Family', 2017, TRUE, FALSE, FALSE),
('PROP-056', 'Unit 18, 444 Chestnut St', 'Columbus', 'OH', '43215', 'US', 'Townhouse', 2016, TRUE, TRUE, TRUE),
('PROP-057', 'Apt 812, 555 Magnolia Ln', 'Charlotte', 'NC', '28202', 'US', 'Apartment', 2002, TRUE, FALSE, TRUE),
('PROP-058', 'Condo 45C, 666 Hickory Ct', 'Indianapolis', 'IN', '46204', 'US', 'Condo', 2014, TRUE, TRUE, TRUE),
('PROP-059', '1440 Sycamore Rd', 'Las Vegas', 'NV', '89101', 'US', 'Single-Family', 2008, TRUE, TRUE, FALSE),
('PROP-060', 'Unit L, 888 Beech Ave', 'Baltimore', 'MD', '21201', 'US', 'Townhouse', 2007, TRUE, FALSE, TRUE),
('PROP-061', 'Apt 14A, 123 Maple St', 'Chicago', 'IL', '60611', 'US', 'Apartment', 1980, TRUE, FALSE, TRUE),
('PROP-062', 'Condo 51, 456 Oak Ave', 'Houston', 'TX', '77002', 'US', 'Condo', 2015, TRUE, TRUE, TRUE),
('PROP-063', '1225 Pine Rd', 'Phoenix', 'AZ', '85001', 'US', 'Single-Family', 2006, TRUE, FALSE, FALSE),
('PROP-064', 'Unit G, 101 Cedar Ln', 'Seattle', 'WA', '98101', 'US', 'Townhouse', 2008, TRUE, TRUE, FALSE),
('PROP-065', 'Apt 902, 202 Birch Blvd', 'Atlanta', 'GA', '30303', 'US', 'Apartment', 1990, TRUE, FALSE, TRUE),
('PROP-066', 'Condo 15F, 303 Redwood Dr', 'Denver', 'CO', '80202', 'US', 'Condo', 2018, TRUE, TRUE, TRUE),
('PROP-067', '924 Elm Ct', 'Austin', 'TX', '78701', 'US', 'Single-Family', 2019, TRUE, TRUE, TRUE),
('PROP-068', 'Unit K, 505 Willow Way', 'Miami', 'FL', '33101', 'US', 'Townhouse', 2012, TRUE, TRUE, TRUE),
('PROP-069', 'Apt 11D, 606 Spruce Ter', 'Boston', 'MA', '02108', 'US', 'Apartment', 1920, TRUE, FALSE, FALSE),
('PROP-070', 'Condo 24, 707 Larch Pl', 'Portland', 'OR', '97201', 'US', 'Condo', 2020, TRUE, TRUE, TRUE),
('PROP-071', '1616 Alder Dr', 'Dallas', 'TX', '75201', 'US', 'Single-Family', 2002, TRUE, FALSE, FALSE),
('PROP-072', 'Apt 101, 909 Cypress Cir', 'San Diego', 'CA', '92101', 'US', 'Apartment', 1975, TRUE, FALSE, TRUE),
('PROP-073', 'Apt 33C, 111 Poplar Blvd', 'Philadelphia', 'PA', '19103', 'US', 'Apartment', 1960, TRUE, FALSE, FALSE),
('PROP-074', 'Condo 608, 222 Walnut St', 'San Francisco', 'CA', '94102', 'US', 'Condo', 2000, TRUE, TRUE, TRUE),
('PROP-075', '1120 Ash Dr', 'Nashville', 'TN', '37203', 'US', 'Single-Family', 2021, TRUE, FALSE, FALSE),
('PROP-076', 'Unit 24, 444 Chestnut St', 'Columbus', 'OH', '43215', 'US', 'Townhouse', 2016, TRUE, TRUE, TRUE),
('PROP-077', 'Apt 915, 555 Magnolia Ln', 'Charlotte', 'NC', '28202', 'US', 'Apartment', 2002, TRUE, FALSE, TRUE),
('PROP-078', 'Condo 50A, 666 Hickory Ct', 'Indianapolis', 'IN', '46204', 'US', 'Condo', 2014, TRUE, TRUE, TRUE),
('PROP-079', '1660 Sycamore Rd', 'Las Vegas', 'NV', '89101', 'US', 'Single-Family', 2012, TRUE, TRUE, FALSE),
('PROP-080', 'Unit P, 888 Beech Ave', 'Baltimore', 'MD', '21201', 'US', 'Townhouse', 2007, TRUE, FALSE, TRUE),
('PROP-081', 'Apt 16F, 123 Maple St', 'Chicago', 'IL', '60611', 'US', 'Apartment', 1980, TRUE, FALSE, TRUE),
('PROP-082', 'Condo 60, 456 Oak Ave', 'Houston', 'TX', '77002', 'US', 'Condo', 2015, TRUE, TRUE, TRUE),
('PROP-083', '1445 Pine Rd', 'Phoenix', 'AZ', '85001', 'US', 'Single-Family', 2009, TRUE, FALSE, FALSE),
('PROP-084', 'Unit H, 101 Cedar Ln', 'Seattle', 'WA', '98101', 'US', 'Townhouse', 2008, TRUE, TRUE, FALSE),
('PROP-085', 'Apt 1004, 202 Birch Blvd', 'Atlanta', 'GA', '30303', 'US', 'Apartment', 1990, TRUE, FALSE, TRUE),
('PROP-086', 'Condo 18D, 303 Redwood Dr', 'Denver', 'CO', '80202', 'US', 'Condo', 2018, TRUE, TRUE, TRUE),
('PROP-087', '1012 Elm Ct', 'Austin', 'TX', '78701', 'US', 'Single-Family', 2022, TRUE, TRUE, TRUE),
('PROP-088', 'Unit M, 505 Willow Way', 'Miami', 'FL', '33101', 'US', 'Townhouse', 2012, TRUE, TRUE, TRUE),
('PROP-089', 'Apt 12K, 606 Spruce Ter', 'Boston', 'MA', '02108', 'US', 'Apartment', 1920, TRUE, FALSE, FALSE),
('PROP-090', 'Condo 30, 707 Larch Pl', 'Portland', 'OR', '97201', 'US', 'Condo', 2020, TRUE, TRUE, TRUE),
('PROP-091', '1818 Alder Dr', 'Dallas', 'TX', '75201', 'US', 'Single-Family', 2005, TRUE, FALSE, FALSE),
('PROP-092', 'Apt 120, 909 Cypress Cir', 'San Diego', 'CA', '92101', 'US', 'Apartment', 1975, TRUE, FALSE, TRUE),
('PROP-093', 'Apt 44D, 111 Poplar Blvd', 'Philadelphia', 'PA', '19103', 'US', 'Apartment', 1960, TRUE, FALSE, FALSE),
('PROP-094', 'Condo 712, 222 Walnut St', 'San Francisco', 'CA', '94102', 'US', 'Condo', 2000, TRUE, TRUE, TRUE),
('PROP-095', '1240 Ash Dr', 'Nashville', 'TN', '37203', 'US', 'Single-Family', 2023, TRUE, FALSE, FALSE),
('PROP-096', 'Unit 30, 444 Chestnut St', 'Columbus', 'OH', '43215', 'US', 'Townhouse', 2016, TRUE, TRUE, TRUE),
('PROP-097', 'Apt 1012, 555 Magnolia Ln', 'Charlotte', 'NC', '28202', 'US', 'Apartment', 2002, TRUE, FALSE, TRUE),
('PROP-098', 'Condo 60C, 666 Hickory Ct', 'Indianapolis', 'IN', '46204', 'US', 'Condo', 2014, TRUE, TRUE, TRUE),
('PROP-099', '1880 Sycamore Rd', 'Las Vegas', 'NV', '89101', 'US', 'Single-Family', 2015, TRUE, TRUE, FALSE),
('PROP-100', 'Unit S, 888 Beech Ave', 'Baltimore', 'MD', '21201', 'US', 'Townhouse', 2007, TRUE, FALSE, TRUE);


-- Insert 100 Insurance Policy Contracts
INSERT INTO `renters_insurance_v1.policies` (policy_id, policy_number, customer_id, property_id, effective_date, expiration_date, policy_status, personal_property_limit, personal_liability_limit, loss_of_use_limit, deductible, annual_premium, created_at) VALUES
('POL-001', 'POL-IL-400101', 'CUST-001', 'PROP-001', '2023-01-15', '2024-01-15', 'EXPIRED', 30000, 100000, 6000, 500, 250.00, '2023-01-15 08:30:00 UTC'),
('POL-002', 'POL-TX-400102', 'CUST-002', 'PROP-002', '2023-01-20', '2024-01-20', 'EXPIRED', 50000, 300000, 10000, 1000, 320.00, '2023-01-20 10:15:00 UTC'),
('POL-003', 'POL-AZ-400103', 'CUST-003', 'PROP-003', '2023-02-02', '2024-02-02', 'EXPIRED', 20000, 100000, 4000, 500, 180.00, '2023-02-02 14:45:00 UTC'),
('POL-004', 'POL-WA-400104', 'CUST-004', 'PROP-004', '2023-02-11', '2024-02-11', 'EXPIRED', 40000, 100000, 8000, 500, 290.00, '2023-02-11 11:00:00 UTC'),
('POL-005', 'POL-GA-400105', 'CUST-005', 'PROP-005', '2023-03-01', '2024-03-01', 'EXPIRED', 30000, 100000, 6000, 500, 240.00, '2023-03-01 09:20:00 UTC'),
('POL-006', 'POL-CO-400106', 'CUST-006', 'PROP-006', '2023-03-15', '2024-03-15', 'EXPIRED', 60000, 300000, 12000, 1000, 380.00, '2023-03-15 16:10:00 UTC'),
('POL-007', 'POL-TX-400107', 'CUST-007', 'PROP-007', '2023-04-05', '2024-04-05', 'EXPIRED', 25000, 100000, 5000, 500, 210.00, '2023-04-05 13:05:00 UTC'),
('POL-008', 'POL-FL-400108', 'CUST-008', 'PROP-008', '2023-04-10', '2024-04-10', 'EXPIRED', 35000, 200000, 7000, 1000, 310.00, '2023-04-10 10:30:00 UTC'),
('POL-009', 'POL-MA-400109', 'CUST-009', 'PROP-009', '2023-04-20', '2424-04-20', 'ACTIVE', 30000, 100000, 6000, 500, 280.00, '2023-04-20 15:25:00 UTC'),
('POL-010', 'POL-OR-400110', 'CUST-010', 'PROP-010', '2023-05-01', '2024-05-01', 'EXPIRED', 50000, 300000, 10000, 1000, 330.00, '2023-05-01 11:40:00 UTC'),
('POL-011', 'POL-TX-400111', 'CUST-011', 'PROP-011', '2023-05-15', '2024-05-15', 'EXPIRED', 20000, 100000, 4000, 500, 190.00, '2023-05-15 09:15:00 UTC'),
('POL-012', 'POL-CA-400112', 'CUST-012', 'PROP-012', '2023-05-28', '2424-05-28', 'ACTIVE', 30000, 100000, 6000, 500, 260.00, '2023-05-28 14:50:00 UTC'),
('POL-013', 'POL-PA-400113', 'CUST-013', 'PROP-013', '2023-06-02', '2024-06-02', 'EXPIRED', 25000, 100000, 5000, 500, 230.00, '2023-06-02 12:10:00 UTC'),
('POL-014', 'POL-CA-400114', 'CUST-014', 'PROP-014', '2023-06-12', '2424-06-12', 'ACTIVE', 45000, 300000, 9000, 1000, 350.00, '2023-06-12 10:05:00 UTC'),
('POL-015', 'POL-TN-400115', 'CUST-015', 'PROP-015', '2023-06-25', '2024-06-25', 'EXPIRED', 35000, 100000, 7000, 500, 220.00, '2023-06-25 15:35:00 UTC'),
('POL-016', 'POL-OH-400116', 'CUST-016', 'PROP-016', '2023-07-01', '2024-07-01', 'EXPIRED', 30000, 100000, 6000, 500, 240.00, '2023-07-01 11:20:00 UTC'),
('POL-017', 'POL-NC-400117', 'CUST-017', 'PROP-017', '2023-07-10', '2024-07-10', 'EXPIRED', 40000, 200000, 8000, 1000, 270.00, '2023-07-10 13:45:00 UTC'),
('POL-018', 'POL-IN-400118', 'CUST-018', 'PROP-018', '2023-07-22', '2024-07-22', 'EXPIRED', 25000, 100000, 5000, 500, 200.00, '2023-07-22 09:30:00 UTC'),
('POL-019', 'POL-NV-400119', 'CUST-019', 'PROP-019', '2023-08-01', '2024-08-01', 'EXPIRED', 30000, 100000, 6000, 500, 210.00, '2023-08-01 14:15:00 UTC'),
('POL-020', 'POL-MD-400120', 'CUST-020', 'PROP-020', '2023-08-10', '2024-08-10', 'EXPIRED', 35000, 100000, 7000, 500, 260.00, '2023-08-10 10:50:00 UTC'),
('POL-021', 'POL-IL-400121', 'CUST-021', 'PROP-021', '2023-08-20', '2424-08-20', 'ACTIVE', 30000, 100000, 6000, 500, 250.00, '2023-08-20 11:15:00 UTC'),
('POL-022', 'POL-TX-400122', 'CUST-022', 'PROP-022', '2023-09-01', '2024-09-01', 'EXPIRED', 50000, 300000, 10000, 1000, 320.00, '2023-09-01 09:40:00 UTC'),
('POL-023', 'POL-AZ-400123', 'CUST-023', 'PROP-023', '2023-09-12', '2424-09-12', 'ACTIVE', 20000, 100000, 4000, 500, 180.00, '2023-09-12 15:30:00 UTC'),
('POL-024', 'POL-WA-400124', 'CUST-024', 'PROP-024', '2023-09-22', '2024-09-22', 'EXPIRED', 40000, 100000, 8000, 500, 290.00, '2023-09-22 13:10:00 UTC'),
('POL-025', 'POL-GA-400125', 'CUST-025', 'PROP-025', '2023-10-01', '2424-10-01', 'ACTIVE', 30000, 100000, 6000, 500, 240.00, '2023-10-01 10:05:00 UTC'),
('POL-026', 'POL-CO-400126', 'CUST-026', 'PROP-026', '2023-10-10', '2024-10-10', 'EXPIRED', 60000, 300000, 12000, 1000, 380.00, '2023-10-10 14:20:00 UTC'),
('POL-027', 'POL-TX-400127', 'CUST-027', 'PROP-027', '2023-10-20', '2424-10-20', 'ACTIVE', 25000, 100000, 5000, 500, 210.00, '2023-10-20 09:55:00 UTC'),
('POL-028', 'POL-FL-400128', 'CUST-028', 'PROP-028', '2023-11-01', '2424-11-01', 'ACTIVE', 35000, 200000, 7000, 1000, 310.00, '2023-11-01 11:45:00 UTC'),
('POL-029', 'POL-MA-400129', 'CUST-029', 'PROP-029', '2023-11-12', '2024-11-12', 'EXPIRED', 30000, 100000, 6000, 500, 280.00, '2023-11-12 16:00:00 UTC'),
('POL-030', 'POL-OR-400130', 'CUST-030', 'PROP-030', '2023-11-20', '2424-11-20', 'ACTIVE', 50000, 300000, 10000, 1000, 330.00, '2023-11-20 13:25:00 UTC'),
('POL-031', 'POL-TX-400131', 'CUST-031', 'PROP-031', '2023-12-01', '2024-12-01', 'EXPIRED', 20000, 100000, 4000, 500, 190.00, '2023-12-01 10:10:00 UTC'),
('POL-032', 'POL-CA-400132', 'CUST-032', 'PROP-032', '2023-12-10', '2024-12-10', 'EXPIRED', 30000, 100000, 6000, 500, 260.00, '2023-12-10 15:50:00 UTC'),
('POL-033', 'POL-PA-400133', 'CUST-033', 'PROP-033', '2023-12-18', '2424-12-18', 'ACTIVE', 25000, 100000, 5000, 500, 230.00, '2023-12-18 09:35:00 UTC'),
('POL-034', 'POL-CA-400134', 'CUST-034', 'PROP-034', '2023-12-28', '2024-12-28', 'EXPIRED', 45000, 300000, 9000, 1000, 350.00, '2023-12-28 11:20:00 UTC'),
('POL-035', 'POL-TN-400135', 'CUST-035', 'PROP-035', '2024-01-05', '2425-01-05', 'ACTIVE', 35000, 100000, 7000, 500, 220.00, '2024-01-05 14:40:00 UTC'),
('POL-036', 'POL-OH-400136', 'CUST-036', 'PROP-036', '2024-01-15', '2425-01-15', 'ACTIVE', 30000, 100000, 6000, 500, 240.00, '2024-01-15 10:15:00 UTC'),
('POL-037', 'POL-NC-400137', 'CUST-037', 'PROP-037', '2024-01-22', '2025-01-22', 'EXPIRED', 40000, 200000, 8000, 1000, 270.00, '2024-01-22 13:55:00 UTC'),
('POL-038', 'POL-IN-400138', 'CUST-038', 'PROP-038', '2024-02-01', '2425-02-01', 'ACTIVE', 25000, 100000, 5000, 500, 200.00, '2024-02-01 09:45:00 UTC'),
('POL-039', 'POL-NV-400139', 'CUST-039', 'PROP-039', '2024-02-10', '2425-02-10', 'ACTIVE', 30000, 100000, 6000, 500, 210.00, '2024-02-10 11:10:00 UTC'),
('POL-040', 'POL-MD-400140', 'CUST-040', 'PROP-040', '2024-02-20', '2025-02-20', 'EXPIRED', 35000, 100000, 7000, 500, 260.00, '2024-02-20 15:30:00 UTC'),
('POL-041', 'POL-IL-400141', 'CUST-041', 'PROP-041', '2024-03-01', '2425-03-01', 'ACTIVE', 30000, 100000, 6000, 500, 250.00, '2024-03-01 10:20:00 UTC'),
('POL-042', 'POL-TX-400142', 'CUST-042', 'PROP-042', '2024-03-12', '2425-03-12', 'ACTIVE', 50000, 300000, 10000, 1000, 320.00, '2024-03-12 14:05:00 UTC'),
('POL-043', 'POL-AZ-400143', 'CUST-043', 'PROP-043', '2024-03-22', '2425-03-22', 'ACTIVE', 20000, 100000, 4000, 500, 180.00, '2024-03-22 11:50:00 UTC'),
('POL-044', 'POL-WA-400144', 'CUST-044', 'PROP-044', '2024-04-01', '2425-04-01', 'ACTIVE', 40000, 100000, 8000, 500, 290.00, '2024-04-01 16:15:00 UTC'),
('POL-045', 'POL-GA-400145', 'CUST-045', 'PROP-045', '2024-04-10', '2425-04-10', 'ACTIVE', 30000, 100000, 6000, 500, 240.00, '2024-04-10 09:25:00 UTC'),
('POL-046', 'POL-CO-400146', 'CUST-046', 'PROP-046', '2024-04-20', '2425-04-20', 'ACTIVE', 60000, 300000, 12000, 1000, 380.00, '2024-04-20 13:40:00 UTC'),
('POL-047', 'POL-TX-400147', 'CUST-047', 'PROP-047', '2024-05-01', '2425-05-01', 'ACTIVE', 25000, 100000, 5000, 500, 210.00, '2024-05-01 11:10:00 UTC'),
('POL-048', 'POL-FL-400148', 'CUST-048', 'PROP-048', '2024-05-10', '2425-05-10', 'ACTIVE', 35000, 200000, 7000, 1000, 310.00, '2024-05-10 15:20:00 UTC'),
('POL-049', 'POL-MA-400149', 'CUST-049', 'PROP-049', '2024-05-20', '2425-05-20', 'ACTIVE', 30000, 100000, 6000, 500, 280.00, '2024-05-20 09:55:00 UTC'),
('POL-050', 'POL-OR-400150', 'CUST-050', 'PROP-050', '2024-06-01', '2425-06-01', 'ACTIVE', 50000, 300000, 10000, 1000, 330.00, '2024-06-01 14:30:00 UTC'),
('POL-051', 'POL-TX-400151', 'CUST-051', 'PROP-051', '2024-06-10', '2425-06-10', 'ACTIVE', 20000, 100000, 4000, 500, 190.00, '2024-06-10 11:15:00 UTC'),
('POL-052', 'POL-CA-400152', 'CUST-052', 'PROP-052', '2024-06-20', '2425-06-20', 'ACTIVE', 30000, 100000, 6000, 500, 260.00, '2024-06-20 16:05:00 UTC'),
('POL-053', 'POL-PA-400153', 'CUST-053', 'PROP-053', '2024-07-01', '2425-07-01', 'ACTIVE', 25000, 100000, 5000, 500, 230.00, '2024-07-01 10:40:00 UTC'),
('POL-054', 'POL-CA-400154', 'CUST-054', 'PROP-054', '2024-07-12', '2425-07-12', 'ACTIVE', 45000, 300000, 9000, 1000, 350.00, '2024-07-12 13:50:00 UTC'),
('POL-055', 'POL-TN-400155', 'CUST-055', 'PROP-055', '2024-07-22', '2425-07-22', 'ACTIVE', 35000, 100000, 7000, 500, 220.00, '2024-07-22 09:20:00 UTC'),
('POL-056', 'POL-OH-400156', 'CUST-056', 'PROP-056', '2024-08-01', '2425-08-01', 'ACTIVE', 30000, 100000, 6000, 500, 240.00, '2024-08-01 15:10:00 UTC'),
('POL-057', 'POL-NC-400157', 'CUST-057', 'PROP-057', '2024-08-10', '2425-08-10', 'ACTIVE', 40000, 200000, 8000, 1000, 270.00, '2024-08-10 11:35:00 UTC'),
('POL-058', 'POL-IN-400158', 'CUST-058', 'PROP-058', '2024-08-20', '2425-08-20', 'ACTIVE', 25000, 100000, 5000, 500, 200.00, '2024-08-20 14:25:00 UTC'),
('POL-059', 'POL-NV-400159', 'CUST-059', 'PROP-059', '2024-09-01', '2425-09-01', 'ACTIVE', 30000, 100000, 6000, 500, 210.00, '2024-09-01 10:05:00 UTC'),
('POL-060', 'POL-MD-400160', 'CUST-060', 'PROP-060', '2024-09-12', '2425-09-12', 'ACTIVE', 35000, 100000, 7000, 500, 260.00, '2024-09-12 15:45:00 UTC'),
('POL-061', 'POL-IL-400161', 'CUST-061', 'PROP-061', '2024-09-22', '2425-09-22', 'ACTIVE', 30000, 100000, 6000, 500, 250.00, '2024-09-22 13:15:00 UTC'),
('POL-062', 'POL-TX-400162', 'CUST-062', 'PROP-062', '2024-10-01', '2425-10-01', 'ACTIVE', 50000, 300000, 10000, 1000, 320.00, '2024-10-01 09:50:00 UTC'),
('POL-063', 'POL-AZ-400163', 'CUST-063', 'PROP-063', '2024-10-10', '2425-10-10', 'ACTIVE', 20000, 100000, 4000, 500, 180.00, '2024-10-10 14:10:00 UTC'),
('POL-064', 'POL-WA-400164', 'CUST-064', 'PROP-064', '2024-10-20', '2425-10-20', 'ACTIVE', 40000, 100000, 8000, 500, 290.00, '2024-10-20 11:05:00 UTC'),
('POL-065', 'POL-GA-400165', 'CUST-065', 'PROP-065', '2024-11-01', '2425-11-01', 'ACTIVE', 30000, 100000, 6000, 500, 240.00, '2024-11-01 15:30:00 UTC'),
('POL-066', 'POL-CO-400166', 'CUST-066', 'PROP-066', '2024-11-12', '2425-11-12', 'ACTIVE', 60000, 300000, 12000, 1000, 380.00, '2024-11-12 09:10:00 UTC'),
('POL-067', 'POL-TX-400167', 'CUST-067', 'PROP-067', '2024-11-20', '2425-11-20', 'ACTIVE', 25000, 100000, 5000, 500, 210.00, '2024-11-20 13:40:00 UTC'),
('POL-068', 'POL-FL-400168', 'CUST-068', 'PROP-068', '2024-12-01', '2425-12-01', 'ACTIVE', 35000, 200000, 7000, 1000, 310.00, '2024-12-01 11:25:00 UTC'),
('POL-069', 'POL-MA-400169', 'CUST-069', 'PROP-069', '2024-12-10', '2425-12-10', 'ACTIVE', 30000, 100000, 6000, 500, 280.00, '2024-12-10 16:00:00 UTC'),
('POL-070', 'POL-OR-400170', 'CUST-070', 'PROP-070', '2024-12-20', '2425-12-20', 'ACTIVE', 50000, 300000, 10000, 1000, 330.00, '2024-12-20 10:20:00 UTC'),
('POL-071', 'POL-TX-400171', 'CUST-071', 'PROP-071', '2025-01-05', '2426-01-05', 'ACTIVE', 20000, 100000, 4000, 500, 190.00, '2025-01-05 14:15:00 UTC'),
('POL-072', 'POL-CA-400172', 'CUST-072', 'PROP-072', '2025-01-15', '2426-01-15', 'ACTIVE', 30000, 100000, 6000, 500, 260.00, '2025-01-15 11:00:00 UTC'),
('POL-073', 'POL-PA-400173', 'CUST-073', 'PROP-073', '2025-01-22', '2426-01-22', 'ACTIVE', 25000, 100000, 5000, 500, 230.00, '2025-01-22 09:45:00 UTC'),
('POL-074', 'POL-CA-400174', 'CUST-074', 'PROP-074', '2025-02-01', '2426-02-01', 'ACTIVE', 45000, 300000, 9000, 1000, 350.00, '2025-02-01 15:35:00 UTC'),
('POL-075', 'POL-TN-400175', 'CUST-075', 'PROP-075', '2025-02-10', '2426-02-10', 'ACTIVE', 35000, 100000, 7000, 500, 220.00, '2025-02-10 13:10:00 UTC'),
('POL-076', 'POL-OH-400176', 'CUST-076', 'PROP-076', '2025-02-20', '2426-02-20', 'ACTIVE', 30000, 100000, 6000, 500, 240.00, '2025-02-20 10:30:00 UTC'),
('POL-077', 'POL-NC-400177', 'CUST-077', 'PROP-077', '2025-03-01', '2426-03-01', 'ACTIVE', 40000, 200000, 8000, 1000, 270.00, '2025-03-01 14:50:00 UTC'),
('POL-078', 'POL-IN-400178', 'CUST-078', 'PROP-078', '2025-03-12', '2426-03-12', 'ACTIVE', 25000, 100000, 5000, 500, 200.00, '2025-03-12 09:15:00 UTC'),
('POL-079', 'POL-NV-400179', 'CUST-079', 'PROP-079', '2025-03-22', '2426-03-22', 'ACTIVE', 30000, 100000, 6000, 500, 210.00, '2025-03-22 11:40:00 UTC'),
('POL-080', 'POL-MD-400180', 'CUST-080', 'PROP-080', '2025-04-01', '2426-04-01', 'ACTIVE', 35000, 100000, 7000, 500, 260.00, '2025-04-01 16:05:00 UTC'),
('POL-081', 'POL-IL-400181', 'CUST-081', 'PROP-081', '2025-04-10', '2426-04-10', 'ACTIVE', 30000, 100000, 6000, 500, 250.00, '2025-04-10 10:10:00 UTC'),
('POL-082', 'POL-TX-400182', 'CUST-082', 'PROP-082', '2025-04-20', '2426-04-20', 'ACTIVE', 50000, 300000, 10000, 1000, 320.00, '2025-04-20 15:20:00 UTC'),
('POL-083', 'POL-AZ-400183', 'CUST-083', 'PROP-083', '2025-05-01', '2426-05-01', 'ACTIVE', 20000, 100000, 4000, 500, 180.00, '2025-05-01 11:55:00 UTC'),
('POL-084', 'POL-WA-400184', 'CUST-084', 'PROP-084', '2025-05-10', '2426-05-10', 'ACTIVE', 40000, 100000, 8000, 500, 290.00, '2025-05-10 14:30:00 UTC'),
('POL-085', 'POL-GA-400185', 'CUST-085', 'PROP-085', '2025-05-20', '2426-05-20', 'ACTIVE', 30000, 100000, 6000, 500, 240.00, '2025-05-20 09:25:00 UTC'),
('POL-086', 'POL-CO-400186', 'CUST-086', 'PROP-086', '2025-06-01', '2426-06-01', 'ACTIVE', 60000, 300000, 12000, 1000, 380.00, '2025-06-01 13:40:00 UTC'),
('POL-087', 'POL-TX-400187', 'CUST-087', 'PROP-087', '2025-06-10', '2426-06-10', 'ACTIVE', 25000, 100000, 5000, 500, 210.00, '2025-06-10 10:50:00 UTC'),
('POL-088', 'POL-FL-400188', 'CUST-088', 'PROP-088', '2025-06-20', '2426-06-20', 'ACTIVE', 35000, 200000, 7000, 1000, 310.00, '2025-06-20 15:15:00 UTC'),
('POL-089', 'POL-MA-400189', 'CUST-089', 'PROP-089', '2025-07-01', '2426-07-01', 'ACTIVE', 30000, 100000, 6000, 500, 280.00, '2025-07-01 11:10:00 UTC'),
('POL-090', 'POL-OR-400190', 'CUST-090', 'PROP-090', '2025-07-12', '2426-07-12', 'ACTIVE', 50000, 300000, 10000, 1000, 330.00, '2025-07-12 14:05:00 UTC'),
('POL-091', 'POL-TX-400191', 'CUST-091', 'PROP-091', '2025-07-22', '2426-07-22', 'ACTIVE', 20000, 100000, 4000, 500, 190.00, '2025-07-22 09:55:00 UTC'),
('POL-092', 'POL-CA-400192', 'CUST-092', 'PROP-092', '2025-08-01', '2426-08-01', 'ACTIVE', 30000, 100000, 6000, 500, 260.00, '2025-08-01 15:30:00 UTC'),
('POL-093', 'POL-PA-400193', 'CUST-093', 'PROP-093', '2025-08-10', '2426-08-10', 'ACTIVE', 25000, 100000, 5000, 500, 230.00, '2025-08-10 11:20:00 UTC'),
('POL-094', 'POL-CA-400194', 'CUST-094', 'PROP-094', '2025-08-20', '2426-08-20', 'ACTIVE', 45000, 300000, 9000, 1000, 350.00, '2025-08-20 13:45:00 UTC'),
('POL-095', 'POL-TN-400195', 'CUST-095', 'PROP-095', '2025-09-01', '2426-09-01', 'ACTIVE', 35000, 100000, 7000, 500, 220.00, '2025-09-01 10:15:00 UTC'),
('POL-096', 'POL-OH-400196', 'CUST-096', 'PROP-096', '2025-09-12', '2426-09-12', 'ACTIVE', 30000, 100000, 6000, 500, 240.00, '2025-09-12 14:50:00 UTC'),
('POL-097', 'POL-NC-400197', 'CUST-097', 'PROP-097', '2025-09-22', '2426-09-22', 'ACTIVE', 40000, 200000, 8000, 1000, 270.00, '2025-09-22 09:30:00 UTC'),
('POL-098', 'POL-IN-400198', 'CUST-098', 'PROP-098', '2025-10-01', '2426-10-01', 'ACTIVE', 25000, 100000, 5000, 500, 200.00, '2025-10-01 11:10:00 UTC'),
('POL-099', 'POL-NV-400199', 'CUST-099', 'PROP-099', '2025-10-10', '2426-10-10', 'ACTIVE', 30000, 100000, 6000, 500, 210.00, '2025-10-10 15:40:00 UTC'),
('POL-100', 'POL-MD-400200', 'CUST-100', 'PROP-100', '2025-10-20', '2426-10-20', 'ACTIVE', 35000, 100000, 7000, 500, 260.00, '2025-10-20 13:05:00 UTC');